食,农,医,芯,信,软,媒,色,新,车,械,家电,军,交,公,环,建,房,化,批,轻,银,,,
巴比食品,牧原股份,云南白药,兆易创新,佳讯飞鸿,中控技术,中信出版,永兴材料,璞泰来,长城汽车,拓斯达,华帝股份,派克新材,韵达股份,长江电力,龙马环卫,金螳螂,招商蛇口,金禾实业,苏宁易购,中顺洁柔,工商银行,,
盐津铺子,瑞普生物,贝达药业,华峰测控,移远通信,万兴科技,完美世界,赣锋锂业,宏发股份,华域汽车,华峰测控,老板电器,振华科技,华夏航空,国投电力,维尔利,鸿路钢构,招商积余,苏博特,中国中免,太阳纸业,邮储银行,,
绝味食品,新希望,贝瑞基因,韦尔股份,新易盛,鼎捷软件,蓝色光标,银泰黄金,宁德时代,比亚迪,恒立液压,海尔智家,睿创微纳,顺丰控股,盘江股份,瀚蓝环境,精工钢构,中南建设,华鲁恒升,中公教育,博汇纸业,兴业银行,,
古井贡酒,海大集团,智飞生物,大华股份,中际旭创,奇安信,分众传媒,华友钴业,中控技术,上汽集团,巨星科技,格力电器,中航沈飞,大秦铁路,潞安环能,联美控股,中国建筑,阳光城,龙蟒佰利,周大生,喜临门,招商银行,,
青岛啤酒,温氏股份,迈瑞医疗,京东方A,广和通,海康威视,三七互娱,云海金属,阳光电源,潍柴动力,浙江鼎力,科沃斯,中航高科,中远海控,中国神华,浙富控股,北新建材,保利地产,万华化学,家家悦,山鹰纸业,南京银行,,
山西汾酒,禾丰牧业,大参林,卓胜微,亿联网络,德赛西威,芒果超媒,西部超导,国电南瑞,宇通客车,至纯科技,苏泊尔,北摩高科,中国国航,山西焦煤,绿色动力,东方雨虹,蓝光发展,泰和新材,天虹股份,索菲亚,兴业证券,,
安井食品,圣农发展,康弘药业,恒玄科技,海格通信,恒生电子,中国出版,紫金矿业,派能科技,星宇股份,晶盛机电,浙江美大,克来机电,白云机场,陕西煤业,洪城水业,科顺股份,荣盛发展,雅克科技,永辉超市,永艺股份,中信证券,,
三全食品,,安图生物,东山精密,威胜信息,佳发教育,新经典,,中伟股份,银轮股份,先导智能,荣泰健康,建设机械,上海机场,金能科技,旺能环境,兔宝宝,金地集团,濮阳惠成,华熙生物,裕同科技,华泰证券,,
中炬高新,,通化东宝,领益智造,美格智能,卫宁健康,新媒股份,,中信博,拓普集团,捷佳伟创,海信家电,杰瑞股份,春秋航空,西山煤电,盈峰环境,海象新材,金科股份,利安隆,丸美股份,欧派家居,中国人寿,,
恒顺醋业,,,华天科技,会畅通讯,中国长城,姚记科技,,新宙邦,中国汽研,三一重工,美的集团,华峰测控,吉祥航空,,碧水源,海螺水泥,新城控股,回天新材,老凤祥,尚品宅配,招商证券,,
今世缘,,,中芯国际,中天科技,中科创达,吉比特,,汇川技术,广汽集团,迈为股份,九阳股份,,招商轮船,,中再资环,伟星新材,中国国贸,奥克股份,步步高,劲嘉股份,中国平安,,
伊利股份,,,长盈精密,中兴通讯,拉卡拉,佳发教育,,隆基股份,中国重汽,中联重科,公牛集团,,南方航空,,国祯环保,坚朗五金,华夏幸福,万润股份,爱婴室,齐心集团,上海银行,,
双汇发展,,,鹏鼎控股,,科蓝软件,科斯伍德,,,长安汽车,艾迪精密,石头科技,,东方航空,,伟明环保,中国巨石,万科A,,红旗连锁,顾家家居,中国太保,,
安琪酵母,,,芯朋微,,宝信软件,,,,福耀玻璃,杭可科技,小熊电器,,中远海能,,高能环境,,特发服务,,,比音勒芬,新华保险,,
洽洽食品,,,三安光电,,安恒信息,,,,,广电计量,飞科电器,,圆通速递,,玉禾田,,,,,太平鸟,广发证券,,
五粮液,,,风华高科,,东方财富,,,,,杰瑞股份,新宝股份,,中谷物流,,ST宏盛,,,,,海澜之家,,,
贵州茅台,,,火炬电子,,,,,,,绿的谐波,欧普照明,,京沪高铁,,龙净环保,,,,,稳健医疗,,,
千禾味业,,,海康威视,,,,,,,锐科激光,亿田智能,,深圳机场,,长青集团,,,,,地素时尚,,,
泸州老窖,,,TCL科技,,,,,,,,北鼎股份,,,,,,,,,,,,
酒鬼酒,,,立讯精密,,,,,,,,海信视像,,,,,,,,,,,,
洋河股份,,,,,,,,,,,火星人,,,,,,,,,,,,
桃李面包,,,,,,,,,,,三花智控,,,,,,,,,,,,
涪陵榨菜,,,,,,,,,,,莱克电气,,,,,,,,,,,,
顺鑫农业,,,,,,,,,,,,,,,,,,,,,,,
海天味业,,,,,,,,,,,,,,,,,,,,,,,
